demand,start_time,end_time
10,2.836524177878460,1000000.0
20,4.477717374902590,1000000.0
30,2.346499155632050,1000000.0
20,4.030109860947900,1000000.0
30,3.314449151747030,1000000.0
30,4.894066036835750,1000000.0
10,0,4.836524177878460
20,0,6.477717374902590
30,0,4.346499155632050
20,0,6.030109860947900
30,0,5.314449151747030
30,0,6.894066036835750