coordinate,demand,start_time,end_time
31,10,0,1000000.0
16,20,0,1000000.0
25,30,0,1000000.0
44,20,0,1000000.0
61,30,0,1000000.0
56,30,0,1000000.0
58,10,0,4.836524177878460
62,20,0,6.477717374902590
8,30,0,4.346499155632050
71,20,0,6.030109860947900
29,30,0,5.314449151747030
24,30,0,6.894066036835750
69,30,0,6.894066036835750
23,30,0,6.894066036835750
